Workbook

Sheet Assumptions
A1: Параметр | B1: Метрика | C1: Значение 2025 | D1: 2026 | E1: 2027 | F1: 2028 | G1: 2029 | H1: 2030 | I1: Источник / обоснование
A2: MAU Avito | B2: MAU | C2: 72000000 | D2: =C2*1.02 -> 73440000 | E2: =D2*1.02 -> 74908800 | F2: =E2*1.02 -> 76406976 | G2: =F2*1.02 -> 77935116 | H2: =G2*1.02 -> 79493818 | I2: Публичные данные Avito и отраслевые публикации о ежемесячной аудитории (70–72 млн пользователей).
A3: Годовой рост MAU | B3: Growth | C3: 0.02 | D3: 0.02 | E3: 0.02 | F3: 0.02 | G3: 0.02 | H3: 0.02 | I3: Рынок близок к насыщению
A4: Search share | B4: Share | C4: 0.8 | D4: 0.8 | E4: 0.8 | F4: 0.8 | G4: 0.8 | H4: 0.8 | I4: Основной пользовательский сценарий
A5: Интернет-аудитория РФ | B5: Control | C5: 133000000 | D5: =C5*1.01 -> 134330000 | E5: =D5*1.01 -> 135673300 | F5: =E5*1.01 -> 137030033 | G5: =F5*1.01 -> 1.3840033e+08 | H5: =G5*1.01 -> 1.3978434e+08 | I5: Используется как верхняя граница проверки реалистичности модели.
A6: Годовой рост интернет-аудитории РФ | B6: Growth | C6: 0.01 | D6: 0.01 | E6: 0.01 | F6: 0.01 | G6: 0.01 | H6: 0.01 | I6: Высокое проникновение интернета, умеренный органический рост

Sheet Traction model (Scenario 1)
U1: fact | V1: plan
D2: 2026 | E2: =D2 -> 2026 | F2: =E2 -> 2026 | G2: =F2 -> 2026 | H2: =G2 -> 2026 | I2: =H2 -> 2026 | J2: =I2 -> 2026 | K2: =J2 -> 2026 | L2: =K2 -> 2026 | ... O2: =N2 -> 2026 | P2: =D2+1 -> 2027 | Q2: =P2 -> 2027 | R2: =Q2 -> 2027 | S2: =R2 -> 2027 | T2: =S2 -> 2027 | U2: =T2 -> 2027 | V2: =U2 -> 2027 | W2: =V2 -> 2027 | X2: =W2 -> 2027 | ... AA2: =Z2 -> 2027 | AB2: =P2+1 -> 2028 | AC2: =AB2 -> 2028 | AD2: =AC2 -> 2028 | AE2: =AD2 -> 2028 | AF2: =AE2 -> 2028 | AG2: =AF2 -> 2028 | AH2: =AG2 -> 2028 | AI2: =AH2 -> 2028 | AJ2: =AI2 -> 2028 | ... AM2: =AL2 -> 2028 | AN2: =AB2+1 -> 2029 | AO2: =AN2 -> 2029 | AP2: =AO2 -> 2029 | AQ2: =AP2 -> 2029 | AR2: =AQ2 -> 2029 | AS2: =AR2 -> 2029 | AT2: =AS2 -> 2029 | AU2: =AT2 -> 2029 | AV2: =AU2 -> 2029 | ... AY2: =AX2 -> 2029 | AZ2: =AN2+1 -> 2030 | BA2: =AZ2 -> 2030 | BB2: =BA2 -> 2030 | BC2: =BB2 -> 2030 | BD2: =BC2 -> 2030 | BE2: =BD2 -> 2030 | BF2: =BE2 -> 2030 | BG2: =BF2 -> 2030 | BH2: =BG2 -> 2030 | ... BK2: =BJ2 -> 2030 | BM2: 2026 | BO2: 2027 | BQ2: 2028 | BS2: 2029 | BU2: 2030 | BW2: 5Y
B3: Parameter | C3: Unit | D3: 31 | E3: 28 | F3: 31 | G3: 30 | H3: 31 | I3: 30 | J3: 31 | K3: 31 | L3: 30 | M3: 31 | N3: 30 | O3: 31 | P3: 31 | Q3: 28 | R3: 31 | S3: 30 | T3: 31 | U3: 30 | V3: 31 | W3: 31 | X3: 30 | Y3: 31 | Z3: 30 | AA3: 31 | AB3: 31 | AC3: 28 | AD3: 31 | AE3: 30 | AF3: 31 | AG3: 30 | AH3: 31 | AI3: 31 | AJ3: 30 | AK3: 31 | AL3: 30 | AM3: 31 | AN3: 31 | AO3: 28 | AP3: 31 | AQ3: 30 | AR3: 31 | AS3: 30 | AT3: 31 | AU3: 31 | AV3: 30 | AW3: 31 | AX3: 30 | AY3: 31 | AZ3: 31 | BA3: 29 | BB3: 31 | BC3: 30 | BD3: 31 | BE3: 30 | BF3: 31 | BG3: 31 | BH3: 30 | BI3: 31 | BJ3: 30 | BK3: 31
D4: Jan | E4: Feb | F4: Mar | G4: Apr | H4: May | I4: Jun | J4: Jul | K4: Aug | L4: Sep | M4: Oct | N4: Nov | O4: Dec | P4: Jan | Q4: Feb | R4: Mar | S4: Apr | T4: May | U4: Jun | V4: Jul | W4: Aug | X4: Sep | Y4: Oct | Z4: Nov | AA4: Dec | AB4: Jan | AC4: Feb | AD4: Mar | AE4: Apr | AF4: May | AG4: Jun | AH4: Jul | AI4: Aug | AJ4: Sep | AK4: Oct | AL4: Nov | AM4: Dec | AN4: Jan | AO4: Feb | AP4: Mar | AQ4: Apr | AR4: May | AS4: Jun | AT4: Jul | AU4: Aug | AV4: Sep | AW4: Oct | AX4: Nov | AY4: Dec | AZ4: Jan | BA4: Feb | BB4: Mar | BC4: Apr | BD4: May | BE4: Jun | BF4: Jul | BG4: Aug | BH4: Sep | BI4: Oct | BJ4: Nov | BK4: Dec
B7: BASELINE
A9: Тут могут быть другие гипотезы о метриках baseline сценария, применимые к вашему продукту. Этот блок содежит в себе те параметры, которые влияют на показатели вашей модели. Вам нужно: 1) спрогнозировать базовые input метрики 2) спрогнозировать базовые output метрики 3) оценить бизнес-показатели для базового сценария Базовый сценарий — сценарий в октором вы не производите никаких изменений с продуктом, он может быть нулевым для новго продукта. Чаще всего базовый сценарий — это продуктовая воронка. Но не обязательно так. | B9: MAU Avito | C9: users | D9: =Assumptions!C2 -> 72000000 | E9: =D9*(1+Assumptions!$C$3/12) -> 72120000 | F9: =E9*(1+Assumptions!$C$3/12) -> 72240200 | G9: =F9*(1+Assumptions!$C$3/12) -> 72360600 | H9: =G9*(1+Assumptions!$C$3/12) -> 72481201 | I9: =H9*(1+Assumptions!$C$3/12) -> 72602003 | J9: =I9*(1+Assumptions!$C$3/12) -> 72723007 | K9: =J9*(1+Assumptions!$C$3/12) -> 72844212 | L9: =K9*(1+Assumptions!$C$3/12) -> 72965619 | ... BK9: =BJ9*(1+Assumptions!$C$3/12) -> 79433294 | BM9: =AVERAGE($D9:$O9) -> 72663680 | BO9: =AVERAGE($P9:$AA9) -> 74130350 | BQ9: =AVERAGE($AB9:$AM9) -> 75626623 | BS9: =AVERAGE($AN9:$AY9) -> 77153098 | BU9: =AVERAGE($AZ9:$BK9) -> 78710384 | BW9: =AVERAGE($D9:$BK9) -> 75656827
B11: Search share | C11: % | D11: =Assumptions!$C$4 -> 0.8 | E11: =Assumptions!$C$4 -> 0.8 | F11: =Assumptions!$C$4 -> 0.8 | G11: =Assumptions!$C$4 -> 0.8 | H11: =Assumptions!$C$4 -> 0.8 | I11: =Assumptions!$C$4 -> 0.8 | J11: =Assumptions!$C$4 -> 0.8 | K11: =Assumptions!$C$4 -> 0.8 | ... BK11: =Assumptions!$C$4 -> 0.8 | BM11: =Assumptions!$C$4 -> 0.8 | BO11: =Assumptions!$C$4 -> 0.8 | BQ11: =Assumptions!$C$4 -> 0.8 | BS11: =Assumptions!$C$4 -> 0.8 | BU11: =Assumptions!$C$4 -> 0.8 | BW11: =Assumptions!$C$4 -> 0.8
B13: MAU Search | C13: users | D13: =D9*D11 -> 57600000 | E13: =E9*E11 -> 57696000 | F13: =F9*F11 -> 57792160 | G13: =G9*G11 -> 57888480 | H13: =H9*H11 -> 57984961 | I13: =I9*I11 -> 58081603 | J13: =J9*J11 -> 58178405 | K13: =K9*K11 -> 58275369 | ... BK13: =BK9*BK11 -> 63546635 | BM13: =BM9*BM11 -> 58130944 | BO13: =BO9*BO11 -> 59304280 | BQ13: =BQ9*BQ11 -> 60501299 | BS13: =BS9 * BS11 -> 61722478 | BU13: =BU9 * BU11 -> 62968307 | BW13: =BW9*BW11 -> 60525462
